,STATEFP,COUNTYFP,GEOID,node_density_km,street_density_km,circuity_avg,street_length_total,street_segment_count,streets_per_node_avg,orientation_entropy
0,06,107,6107,5.6486637997815174,1606.7364350222654,1.155305131335938,20134183.20648062,96481,2.7274242766726946,2.7316580208901358
1,06,109,6109,2.6298623997412975,1331.9173757949486,1.2909775790705014,7846062.207606427,18973,2.454557190808159,3.576102810854659
2,05,111,5111,2.818185736438623,1554.8495290925116,1.0773292885610828,3075287.4670758634,6933,2.5098672407606744,2.9452375001223117
3,05,145,5145,9.713206469922765,1918.685426231348,1.0829353483762385,5178147.908105621,32265,2.4638361181048296,2.9479773498958246
4,05,121,5121,2.4075578905759665,1176.6954321940925,1.090938506373968,1998990.0706073935,4942,2.43398533007335,3.2829135389151944
5,05,119,5119,49.12466540403492,5552.781355914822,1.1231792231989186,11611693.752161609,141811,2.760491399534689,3.1961367759365236
6,06,101,6101,9.446707441404634,2551.7123033992557,1.0967416700259762,4020955.4052574057,20002,2.689036678758565,2.858809865984637
7,05,143,5143,19.00622531724997,3148.5303217830474,1.1308056219669835,7765045.812085146,61411,2.6200452276315227,3.0487426447017656
8,05,9,5009,8.731550026020354,1988.3934534570221,1.126246904656019,3100250.058087544,16441,2.419861906860585,3.344806999869727
9,06,11,6011,3.436126880577348,1646.210692546159,1.1542928956674334,4930305.202858522,14258,2.782042561461471,3.169252351982987
10,06,29,6029,6.837978616480787,2233.5545343610547,1.1061686406417972,47233064.688703984,202364,2.7995961356265084,2.9745078656382327
11,05,31,5031,11.11621702101539,2428.7835938813914,1.0850448216478608,4483198.777842867,26489,2.586480822652176,2.8934597342344937
12,05,7,5007,30.852786683509212,4848.162738126739,1.1563418227257163,11104668.368937485,95358,2.6991707703628234,3.1074636458569134
13,06,27,6027,0.9678320798171984,587.2668874351498,1.125405862517292,15555564.069679404,34416,2.692580745826182,3.5130469529302
14,06,73,6073,54.723844043828365,4755.912782363822,1.1335512246797579,55746819.463266894,827695,2.578517421466989,3.42073934226728
15,06,87,6087,41.94619339188759,5096.7734221621495,1.2102545471780577,8014871.941578367,87271,2.646038628301143,3.5659238461454
16,05,53,5053,5.071734204044115,1612.3504509838801,1.093499313551489,2643414.1578714224,9677,2.3367408298256165,3.301684232940008
17,05,65,5065,3.3002921429721885,1351.2690806495425,1.1171390785007536,2043511.2072982017,5878,2.3652574634341814,3.4084201390909943
18,05,91,5091,3.960423398172701,1455.7540670288117,1.0800758938259658,2406515.8995967587,8323,2.564838857491981,2.9665340837660032
19,06,89,6089,5.093775833310418,1584.0052170201463,1.2425428183653733,15784152.942053685,66044,2.6039048031837346,3.4602442792487387
20,06,45,6045,2.8352190474244012,1490.4125736418,1.3612467131254842,14970261.049398834,35506,2.495435072687689,3.478296386935776
21,06,19,6019,9.589324099116528,2209.862739986409,1.1265530349360586,34406001.27882085,209971,2.8106551282995866,2.8529934528436947
22,05,1,5001,2.188579236753969,1242.5369174095695,1.0749979927739424,3342834.130400729,7603,2.592900815217391,2.6334760683089646
23,06,21,6021,2.593942059339328,1501.1432376253488,1.174508328194794,5159210.058392179,11672,2.6316320807627593,2.9739939126596258
24,06,17,6017,12.535412975697296,2758.4427383708075,1.2223065331401521,12762356.039442139,69437,2.3948652516509474,3.5594333573973134
25,05,37,5037,4.141731909818778,1822.6405179917172,1.0965256106114345,2937448.8070443566,8237,2.4843445692883894,3.0826275777008463
26,05,63,5063,4.074554869482507,1346.7396390053493,1.10531529471043,2691129.3360921643,10112,2.490665684107099,3.326865751479593
27,06,43,6043,2.625176128787189,1288.7278384997355,1.258536592751865,4882600.805775284,11842,2.394228835712849,3.578188579235829
28,06,75,6075,97.91287471846876,6688.725865706191,1.0521418943913365,4017353.0992881176,93300,3.1732757447966264,3.3284809010096645
29,06,81,6081,68.2153412607214,5620.225683488397,1.1445888173540752,10785687.659892956,181256,2.7672922825431017,3.5264833246650222
30,05,55,5055,7.089270401560168,2066.8241666123477,1.0909729930835899,3101429.9411662165,12964,2.444538447076518,2.9681407599432315
31,05,77,5077,1.9312977880889057,1102.8305853038007,1.0766569423262184,1777047.9532633515,3723,2.417737789203085,2.9699182448367893
32,05,83,5083,1.815855024743652,1021.9908684191485,1.1066489870012066,1932144.6940832944,4349,2.5519953393533354,3.0734099262135577
33,06,57,6057,14.631741535751123,3280.1304573714706,1.2089478067587827,8272880.844198525,43883,2.3815949922770505,3.5598689260396403
34,05,79,5079,1.7456091355253684,1193.1854383701411,1.1017693721801907,1760786.8947800973,3153,2.472049689440994,3.3558198893650837
35,06,61,6061,25.983267002721526,3847.1314020293967,1.1802092375284956,14968315.91837259,132615,2.622226618527128,3.455410168830503
36,06,95,6095,29.371054817931945,4442.656165592387,1.120929499188261,10426480.562199004,93403,2.7067067067067065,3.3517396181258636
37,06,59,6059,138.28896291483406,13200.407956647816,1.1242779205137483,32469772.530399047,477754,2.8039552324367865,3.31736852784213
38,05,41,5041,1.4888717156868565,862.922871677397,1.0986591764557556,1816409.198551636,4050,2.597638800255265,3.2999542701207556
39,05,15,5015,5.526469362659821,1819.0585072741294,1.1542489432740906,3009124.231441746,10822,2.3766134325092976,3.4915631437742145
40,06,35,6035,1.0794236553266727,935.2543251635971,1.1525213724497279,11433523.819823837,16939,2.581539860563807,3.455204951805099
41,05,23,5023,4.240909931172641,1502.4859216295504,1.1256223160373333,2304262.1967631658,7729,2.384840098400984,3.3291961141454838
42,06,67,6067,82.24279746900157,8524.207983944718,1.1171119844729036,21953131.16794077,301813,2.847587662352991,3.2735999650512424
43,06,93,6093,1.7196554055317985,1376.1627895541221,1.3065228987563897,22625608.842273507,35457,2.5169950129098435,3.5514203172561354
44,06,69,6069,3.822497145204985,1503.9287213712507,1.218248244287239,5416114.647558858,17693,2.5775098067703035,3.452757287165503
45,05,71,5071,3.841409939312164,1578.029827513489,1.149673012493776,2795456.133523752,8106,2.394121969140338,3.266088032306131
46,05,85,5085,10.072258467803477,2006.6374455675707,1.0895652097082416,4175340.3885172913,25149,2.4047619047619047,2.989723095115657
47,06,5,6005,6.155838857558141,1925.3640837705825,1.2112818674774064,3021674.6805302342,11342,2.354414656867819,3.567852887433359
48,06,33,6033,8.547137477512097,2106.086173517985,1.251851495430578,7244405.938753209,36958,2.5206462585034015,3.312038639047758
49,05,103,5103,2.55803593450734,1254.7711946503318,1.095782626595421,2404045.049572634,6180,2.534176698632932,3.414750200991423
50,05,135,5135,3.5997427974634095,1424.1638844804208,1.1130833535435942,2237679.5743010687,6911,2.464108910891089,3.4902861840576804
51,06,115,6115,10.707613419760726,2606.396226346012,1.1457015068136986,4347396.07956261,22556,2.529115341545353,3.445306105013979
52,05,133,5133,1.4479694887721852,864.5152440660529,1.1024009692729793,1301576.6193126696,2846,2.623853211009174,3.1633047012618944
53,06,113,6113,16.545145110544063,2825.272564691092,1.12268173201674,7477130.539718839,60842,2.7796834676958917,3.21151529302008
54,05,141,5141,3.126422760525194,1377.2686003106755,1.1512683040037528,2582359.825727772,6878,2.3619924940293413,3.465223097915012
55,05,123,5123,3.31049702161644,1533.2463991845405,1.1003260459972772,2551476.215792916,6727,2.463241967689236,3.1818795679719396
56,06,103,6103,2.898853856403427,1386.9380361724786,1.2286908301952344,10640585.36664058,28027,2.5244604316546764,3.375174324330155
57,05,115,5115,5.2195858069923,1568.0753863339203,1.1275477131720437,3373131.7174959183,14024,2.5036515853224084,3.1394854185650427
58,05,149,5149,2.097950526289065,1176.9172556795193,1.1367388526520337,2891312.955077981,6190,2.414823438106325,3.433232751872152
59,05,113,5113,4.078465001826834,1614.181584952324,1.1269078146768514,3602404.5271088653,10308,2.2746649088112503,3.424500105645534
60,05,125,5125,16.813134139222218,2809.387260267289,1.1237385244122564,5314951.349024079,38033,2.397038480885312,3.359092002958251
61,06,105,6105,1.466836575457168,1346.5415056774555,1.4151908954314019,11186627.783038002,13943,2.3025603151157066,3.575828219836423
62,06,83,6083,7.409424027328453,1355.6285946372636,1.200829347217655,13298817.194826843,98865,2.718065128564943,3.3196505950974995
63,06,77,6077,25.755100113513297,3902.2114941085683,1.1220380327093193,14418202.552725552,130743,2.7453920682625417,3.1400500847962993
64,05,57,5057,2.9606436786826698,1347.5317265706972,1.0854406695814738,2586152.2362534073,6876,2.4343541006687786,3.362239905718584
65,06,79,6079,8.056132041602993,2168.8871344841064,1.198357341965075,20311176.645195633,96373,2.55453051269816,3.500745570133777
66,06,41,6041,21.16675276209092,3008.9509620790777,1.1888522086978028,6454102.484013674,60363,2.6550812739526894,3.5752941131080873
67,05,59,5059,6.499845154516275,1837.6798108322907,1.0975280123079807,2961279.519910326,12276,2.3561199159824326,3.401773582341775
68,06,15,6015,2.475775283417176,1100.0114917597139,1.3536237368018704,3503383.635268248,9747,2.476981610653139,3.470853800424173
69,05,35,5035,6.32796895816367,1824.1987151270162,1.086001658067769,3041883.575801575,13899,2.640068233510235,2.9836283416373535
70,05,3,5003,1.9555206581936722,1259.093258128078,1.0709426355943,3066733.7434336096,6008,2.5355868150325427,3.106784851896693
71,06,23,6023,3.3633174398051473,1410.7138448075132,1.3322601844071154,14805854.308758132,44605,2.5286268732825294,3.43592307769211
72,05,93,5093,5.962299197182641,1757.1064175930762,1.0695276362194317,4232227.2714824295,18846,2.632337580948402,2.7604549118632558
73,05,67,5067,2.1633281913811127,1208.2069678231917,1.0791590977960956,2007229.3513562272,4692,2.63132999443517,2.9565782202097
74,06,47,6047,7.439481542561344,2127.345301866833,1.1031508794734433,10901974.710155582,51539,2.7062819672131146,2.9854276172937766
75,06,85,6085,96.59928523047287,9119.434998793236,1.1494888814716149,30800789.19748248,482391,2.95552974134364,3.4980454941303316
76,06,71,6071,6.787102886207702,1386.7665206133142,1.1018627736747697,72212723.48923703,496940,2.8113535338673485,2.967531055882149
77,05,69,5069,8.39811725769692,1918.453746506216,1.0937273265299245,4551409.711546716,25587,2.572876932342903,3.064830350125416
78,05,51,5051,14.119044101146747,2883.41616995572,1.1524817998822723,5485600.950484318,33615,2.5063102639514536,3.434964593474619
79,06,49,6049,0.8789880426037252,925.5899928717184,1.142020931855879,10076326.653492905,12343,2.5976591075347475,3.468784294518842
80,05,5,5005,8.905025701869853,2012.0782158644654,1.1488204760018939,3057536.6460043797,16026,2.3723026899201893,3.404987320504194
81,06,25,6025,2.0748492578111395,1131.4357609389072,1.0700963480351724,13129970.839725813,35543,2.955478029736689,2.8342412833119566
82,06,13,6013,71.62084585144706,8133.557620819067,1.1364110243324896,16935020.784383766,205803,2.7571199613741677,3.51641694801423
83,05,33,5033,5.699143852598836,1783.4694479139698,1.1151988096843073,2797651.239682299,10679,2.3929530201342284,3.1509481792864538
84,05,11,5011,1.1556381249742773,1044.6556540386346,1.098112497021485,1766346.3188677055,2479,2.5496417604913,3.2413164662456637
85,06,9,6009,6.559362190674095,2218.297864148543,1.2356332096027256,5957520.5696675815,20698,2.350420072661217,3.567330150053504
86,06,31,6031,7.06035745927456,2430.670883214646,1.0754339384904124,8764431.503902428,36762,2.8942179275669733,2.682121082256877
87,05,29,5029,4.469007506162521,1570.553729404063,1.1093231887644162,2304341.8006127505,7819,2.3937776422144275,3.193636357144979
88,06,7,6007,8.65082126809615,1993.5848460308052,1.16823448223169,8659633.049589777,49051,2.6110120552465603,3.414553466642722
89,05,27,5027,2.512480827529138,1209.4144494115103,1.0760584597747382,2401999.663614725,6306,2.543286573146293,3.2097020219799677
90,05,87,5087,3.2327528706725857,1412.9155330407177,1.1493444992891322,3063372.1064555147,7967,2.285204736767014,3.5267429825906635
91,06,53,6053,8.443480985448758,1950.2278931448707,1.2047727746286205,19048689.142870426,114709,2.7799832668453153,3.562566909936023
92,05,89,5089,3.990630105018376,1188.8306837128791,1.1412275771605809,1971240.7382071551,7845,2.3760012090071028,3.4536643435207734
93,06,65,6065,17.129070586514526,2608.790648371209,1.1273930351430306,49344609.53255223,440158,2.714221338798489,3.3109539757710196
94,05,45,5045,18.640444562023315,2887.9891951887284,1.1042784007716249,4967253.934253567,39020,2.4358878388072736,3.068351991572811
95,06,1,6001,90.78290359233642,8724.750468743308,1.1259691006978252,18556848.83217284,275467,2.850943611203182,3.5545338280925565
96,05,19,5019,6.140402158610956,1790.8375355295232,1.124412578351539,4095324.707460879,16525,2.3580686511892894,3.3900261366705027
97,05,21,5021,2.6296149037406296,1391.6106826430193,1.0753694987027247,2311576.289417115,5698,2.6314102564102564,2.8247538704169757
98,06,39,6039,6.478110323298834,2031.085029037498,1.1555024423728135,11325975.003091345,46541,2.577759937991363,3.223288673953067
99,05,17,5017,1.8232826751665334,1090.2691287601435,1.0891965141653577,1951775.4897484959,4152,2.560355392156863,3.146490411563391
100,06,97,6097,27.861694437110256,3455.73665669213,1.1791436534915405,15818274.074083373,168134,2.6354540749917668,3.4723003674128456
101,06,63,6063,1.7461025731775497,1446.3784146746223,1.3054238944340242,9790230.394042898,14730,2.50816481935866,3.5708761321100435
102,05,43,5043,1.805519863046805,1049.0612638425139,1.084710105713539,2271246.395174153,4724,2.436172934254285,3.2960135069618817
103,06,99,6099,18.81348173322266,2824.3565273021577,1.1168496083004054,11075403.572628576,101856,2.7609894950864113,2.8936483991715414
104,05,81,5081,1.9142482168626358,1126.4153926982974,1.0836040734540668,1643505.8756186913,3457,2.4876476906552094,2.996735522227427
105,05,75,5075,3.226676768693094,1349.9815867326738,1.0820600207696558,2070987.9958113444,6194,2.516969696969697,3.1970658119368114
106,06,55,6055,15.393377299303221,2461.52847025906,1.193421281528986,5051182.713624693,40602,2.569456755730024,3.5403681663146527
107,05,107,5107,3.0748551961254815,1285.2155670294555,1.0779390215052675,2421334.7637258307,7658,2.6511306749525287,3.002955452316544
108,05,131,5131,12.24234626936392,2388.9374086732378,1.0963281256525608,3369044.0911606755,24361,2.8264697364610485,3.07832302167731
109,06,111,6111,19.981937204524407,3017.6357675753766,1.1769162889463323,17245671.957972687,157278,2.7520315948019194,3.414744065425696
110,05,139,5139,3.2411698322638793,1315.3470466657882,1.089558820825432,3595201.76030798,10884,2.4643864996049216,3.323568933549767
