GEOID,count
34019,26
34021,77
34023,175
34025,144
34027,100
34029,126
34031,100
34033,24
34035,68
34037,41
34039,108
34041,23
35001,153
35005,16
35006,7
35009,12
35013,41
35015,12
35017,8
35025,18
35027,5
35029,6
35028,4
35031,17
35035,16
35039,9
35041,5
35043,28
35047,7
35045,33
35049,50
35051,4
35053,6
35057,4
35055,6
35061,18
36001,75
36003,13
36005,339
36007,55
36009,21
36011,19
36015,22
36013,35
36017,12
36019,19
36021,21
36023,12
36025,14
36027,79
36029,237
36033,14
36031,13
36035,15
36037,15
36039,15
36041,4
36043,19
36045,26
36047,761
36049,7
36051,15
36055,192
36057,16
36059,279
36061,288
36063,61
36067,140
36069,25
36071,79
36073,10
36075,29
36077,17
36079,19
36081,669
36083,42
36085,109
36087,65
36089,28
36091,50
36093,43
36095,8
36097,5
36099,10
36101,30
36103,323
36105,24
36107,10
36109,23
36111,47
36113,19
36115,17
36117,23
36119,223
36121,11
36123,5
37001,36
37003,7
37007,6
37009,6
37011,5
37013,11
37015,4
37017,6
37019,33
37021,56
37023,18
37025,37
37027,17
37031,38
37033,6
37035,31
37037,13
37039,7
37047,13
37045,22
37049,21
37051,68
37053,8
37055,11
37059,7
37057,34
37061,11
37063,60
37065,14
37069,12
37067,93
37071,65
37077,13
37079,4
37081,119
37083,12
37085,27
37087,16
37089,27
37091,5
37093,9
37097,44
37099,9
37101,25
37105,13
37107,15
37109,18
37111,10
37113,9
37115,6
37117,6
37119,233
37123,6
37121,4
37125,18
37127,18
37129,45
37131,5
37133,32
37137,4
37135,28
37139,10
37141,16
37145,7
37147,32
37149,7
37151,28
37155,31
37153,11
37157,21
37159,30
37161,13
37163,11
37165,7
37167,13
37169,9
37171,22
37175,7
37173,5
37179,41
37181,10
37183,187
37185,6
37189,13
37191,26
37193,14
37195,19
37199,5
37197,7
38003,4
38005,4
38015,19
38017,33
38035,18
38053,4
38059,5
38067,5
38077,6
38079,4
38089,8
38097,4
38093,6
38099,6
38101,13
39001,6
38105,7
39003,33
39005,11
39007,25
39011,11
39009,15
39013,20
39015,9
39017,80
39019,7
39021,10
39023,44
39025,40
39029,24
39027,9
39031,10
39033,13
39035,446
39037,12
39039,9
39041,35
39043,19
39045,28
39047,7
39049,284
39051,9
39053,7
39055,21
39057,35
39059,10
39061,222
39065,7
39063,13
39067,5
39069,7
39071,9
39075,8
39073,7
39077,13
39079,7
39081,23
39083,12
39085,59
39087,16
39089,32
39091,11
39093,73
39095,127
39097,12
39099,70
39101,18
39103,37
39105,6
39107,9
39109,21
39111,4
39113,153
39115,4
39117,6
39119,19
39125,5
39123,13
39127,6
39129,13
39131,6
39133,35
39135,12
39137,7
39139,30
39141,17
39143,15
39145,20
39147,14
39149,10
39151,86
39153,135
39155,55
39157,21
39159,10
39161,9
39165,33
39167,16
39169,32
39171,9
39173,28
39175,6
40001,5
40005,4
40009,4
40011,5
40013,11
40015,8
40017,29
40019,11
40021,9
40023,5
40027,62
40031,32
40035,5
40037,21
40039,5
40041,9
40047,12
40049,9
40051,10
40061,4
40063,5
40065,8
40071,11
40073,4
40079,12
40081,7
40083,8
40087,6
40091,6
40089,8
40095,4
40097,9
40103,4
40101,16
40105,4
40107,4
40109,241
40111,10
40113,11
40115,9
40117,5
40119,17
40121,13
40123,10
40125,16
40131,28
40133,9
40135,9
40137,11
40139,5
40141,5
40143,175
40145,22
40147,13
40149,4
40153,5
41001,6
41003,18
41005,80
41007,11
41009,10
41011,13
41013,4
41015,5
41017,24
41019,22
41027,4
41029,41
41031,6
41033,16
41035,20
41039,86
41041,18
41043,21
41045,8
41047,58
41051,171
41053,12
41057,8
41059,15
41061,8
41065,8
41067,104
42001,23
41071,17
42003,402
42005,19
42007,51
42009,11
42011,90
42013,34
42015,14
42017,143
42019,44
42021,42
42025,12
42027,31
42029,116
42031,10
42035,9
42033,20
42037,15
42039,23
42041,49
42043,65
42045,144
42047,9
42049,71
42051,36
42055,27
42059,9
42061,12
42063,23
42065,13
42067,5
42069,59
42071,98
42073,28
42075,31
42077,76
42081,29
42079,104
42083,12
42085,30
42087,12
42089,33
42091,211
42093,4
42095,68
42099,10
42097,24
42101,384
42103,18
42105,5
42107,40
42109,8
42111,21
42115,11
42117,10
42119,10
42121,16
42123,13
42125,59
42127,14
42129,100
42131,7
42133,90
44001,11
44003,39
44005,23
44007,141
44009,29
45001,6
45003,33
45007,39
45009,4
45011,6
45013,41
45015,45
45019,86
45021,13
45023,11
45027,12
45025,10
45029,10
45031,16
45033,6
45035,25
45037,6
45039,5
45043,15
45041,33
45045,111
45049,5
45047,14
45053,5
45051,72
45055,15
45057,14
45059,17
45061,7
45063,74
45067,8
45069,7
45073,15
45071,8
45075,20
45077,28
45079,89
45081,5
45083,69
45085,23
45087,9
45089,11
45091,46
46005,6
46011,6
46013,8
46029,7
46035,4
46065,4
46081,5
46083,11
46093,5
46099,42
46103,23
46109,4
46135,5
47001,18
47005,5
47003,9
47009,28
47011,19
47013,11
47017,8
47019,17
47021,9
47025,9
47029,9
47031,12
47035,14
47033,5
47037,161
47039,4
47043,10
47041,4
47045,8
47047,11
47051,9
47049,4
47053,14
47055,8
47057,5
47059,15
47061,4
47063,12
47065,82
47069,6
47071,6
47073,13
47075,6
47079,9
47077,6
47081,6
47085,5
47087,4
47089,9
47091,5
47093,112
47097,9
47099,11
47103,9
47105,10
47107,10
47109,7
47111,4
47113,27
47117,6
47115,6
47119,17
47123,7
47125,39
47129,5
47131,10
47133,7
47139,5
47141,15
47145,11
47143,6
47147,14
47149,49
47151,5
47155,18
47157,221
47159,5
47163,39
47165,42
47167,13
47171,4
47173,4
47177,9
47179,23
47181,4
47183,11
47185,6
47187,37
47189,21
48001,11
48003,4
48005,17
48007,5
48013,8
48015,6
48019,5
48021,10
48025,7
48027,65
48029,366
48035,7
48037,18
48039,51
48041,42
48049,12
48051,5
48053,8
48055,8
48057,5
48061,86
48071,6
48067,7
48073,12
48085,152
48089,5
48091,24
48093,4
48097,8
48099,19
48113,529
48115,4
48117,4
48121,137
48123,5
48133,5
48139,31
48135,28
48141,161
48143,8
48145,6
48147,9
48149,7
48157,76
48161,7
48167,66
48171,5
48179,7
48177,6
48181,26
48183,25
48185,6
48187,29
48189,9
48199,11
48201,786
48203,14
48209,25
48213,17
48215,113
48217,11
48219,7
48221,10
48223,9
48225,7
48227,10
48231,19
48233,7
48241,8
48245,72
48249,7
48251,28
48253,6
48255,4
48257,18
48259,6
48265,10
48273,5
48279,5
48277,12
48281,5
48285,6
48287,4
48291,14
48293,8
48297,4
48299,6
48303,68
48309,51
48313,4
48315,4
48321,10
48323,9
48325,8
48329,27
48331,7
48337,6
48339,59
48341,4
48347,13
48349,10
48351,4
48353,5
48355,81
48361,21
48363,9
48365,6
48367,19
48371,4
48373,10
48375,34
48381,29
48387,4
48389,5
48395,5
48397,11
48399,4
48401,13
48407,4
48409,16
48415,4
48419,6
48423,41
48427,15
48439,357
48441,38
48449,8
48451,25
48453,218
48455,5
48457,5
48459,7
48463,5
48465,10
48469,23
48467,10
48471,10
48473,6
48477,6
48479,61
48481,11
48485,37
48487,4
48489,5
48491,89
48493,11
48497,11
48499,10
48503,4
48507,4
49003,11
49005,26
49007,5
49011,54
49021,8
49035,212
49037,4
49039,5
49041,5
49043,13
49047,6
49045,11
49049,128
49051,4
49053,21
49057,50
50001,10
50003,12
50005,10
50007,35
50015,7
50011,10
50017,10
50019,10
50021,20
50023,19
50025,18
50027,18
51001,11
51003,22
51005,6
51009,9
51013,59
51015,13
51023,8
51027,7
51025,5
51029,4
51033,7
51031,12
51035,7
51041,71
51047,8
51051,4
51059,258
51061,17
51065,4
51067,10
51069,14
51071,4
51075,5
51073,8
51077,5
51083,9
51085,23
51087,64
51089,14
51093,8
51095,11
51099,5
51105,6
51101,4
51107,65
51109,6
51117,9
51119,4
51121,16
51135,4
51137,5
51139,5
51141,4
51143,16
51145,5
51147,5
51149,7
51153,83
51161,18
51163,4
51167,7
51165,19
51169,6
51171,9
51173,9
51175,5
51177,30
51179,27
51183,5
51185,11
51187,8
51191,13
51193,4
51195,11
51197,6
51199,14
51510,38
51520,4
51540,12
51550,41
51570,5
51590,16
51630,6
51600,5
51650,33
51660,11
51670,7
51680,19
51683,7
51690,5
51700,44
51710,80
51730,11
51735,4
51740,31
51760,66
51770,23
51775,5
51790,6
51800,28
51810,100
51820,5
51840,5
53001,5
53003,6
53005,37
53007,14
53009,22
53011,104
53015,24
53021,13
53017,8
53025,16
53027,16
53029,22
53031,7
53033,397
53035,55
53037,8
53041,20
53043,4
53045,14
53047,10
53049,8
53051,5
53053,172
53055,5
53057,30
53059,5
53061,150
53063,105
53065,12
53067,50
53071,12
53073,34
53075,10
53077,45
54001,4
54003,14
54005,8
54009,6
54011,29
54019,12
54025,7
54027,5
54029,8
54035,6
54033,22
54037,15
54039,53
54041,5
54043,5
54045,9
54047,8
54049,18
54051,9
54053,6
54057,7
54055,16
54059,7
54061,24
54065,4
54067,7
54069,18
54077,8
54075,4
54079,10
54081,17
54083,7
54089,4
54087,4
54091,4
54097,6
54103,5
54099,11
54107,26
54109,6
55001,7
55003,7
55005,10
55007,5
55009,54
55011,5
55013,6
55015,11
55017,11
55019,8
55021,12
55023,6
55025,107
55027,20
55029,9
55031,12
55033,8
55035,20
55039,20
55041,4
55043,12
55045,8
55047,6
55049,6
55053,5
55055,20
55057,7
55059,35
55061,4
55065,5
55063,25
55067,6
55069,10
55071,19
55073,27
55075,12
55077,5
55079,297
55081,9
55083,10
55085,14
55087,40
55089,18
55093,8
55095,10
55097,14
55099,6
55101,44
55103,5
55105,38
55107,5
55109,14
55111,13
55113,6
55115,11
55119,6
55117,26
55121,8
55123,7
55125,5
55127,22
55129,5
55131,28
55133,86
55135,12
55137,7
55139,41
55141,17
56001,10
56005,7
56007,5
56009,4
56015,4
56013,10
56021,21
56023,4
56025,18
56029,5
56033,6
56037,12
56039,4
12057,320
12059,4
12061,30
12063,11
12069,56
12071,167
12073,68
12075,10
12079,5
12081,78
12083,63
12085,35
12086,518
12087,31
12089,12
12091,42
12093,12
12095,207
12097,41
12099,337
12101,133
12103,245
12105,154
12107,17
12109,40
12111,44
12113,25
12115,94
12117,86
12119,19
12121,7
12123,4
12127,113
12129,4
12131,11
12133,7
13001,5
13009,9
13011,4
13013,18
13015,15
13017,5
13019,6
13021,44
13031,12
13027,5
13033,6
13039,10
13045,17
13047,11
13053,5
13051,71
13055,6
13057,26
13059,30
13063,50
13067,120
13069,9
13071,10
13073,20
13075,4
13077,20
13081,6
13083,4
13087,7
13089,145
13091,6
13095,27
13097,20
13099,5
13103,10
13105,5
13107,6
13111,5
13113,20
13115,20
13119,5
13117,45
13121,204
13123,5
13127,15
13129,9
13131,6
13133,7
13137,8
13135,113
13139,36
13143,5
13145,5
13147,5
13151,25
13157,11
13153,23
13163,4
13169,6
13175,13
13177,5
13179,15
13185,25
13187,4
13189,5
13193,4
13195,6
13199,4
13205,5
13207,5
13211,5
13213,8
13215,53
13217,13
13219,6
13221,4
13223,19
13225,6
13229,4
13227,6
13231,4
13233,7
13237,5
13241,5
13245,47
13247,15
13251,5
13255,12
13257,5
13267,5
13261,8
13273,4
13277,9
13275,11
13279,6
13285,14
13291,6
13293,7
13295,13
13297,15
13299,9
13303,5
13305,6
13311,5
13313,18
13315,4
13317,4
13321,5
15001,34
15003,244
15007,17
15009,36
16001,59
16005,22
16011,8
16013,4
16017,9
16019,21
16027,29
16031,6
16039,5
16049,5
16051,4
16053,5
16055,25
16057,7
16065,6
16067,5
16069,10
16075,4
16083,14
17003,4
17001,18
17005,4
17007,7
17011,10
17015,6
17017,5
17019,43
17021,10
17023,4
17027,8
17025,4
17029,12
17031,1318
17033,6
17037,21
17039,5
17041,5
17043,216
17045,5
17049,8
17051,7
17053,5
17055,12
17057,12
17063,10
17061,5
17067,7
17073,13
17075,9
17077,14
17081,11
17083,6
17085,6
17087,4
17089,82
17091,29
17093,10
17095,16
17099,28
17097,153
17101,5
17103,9
17105,10
17107,8
17109,10
17111,52
17113,41
17115,34
17117,13
17119,61
17121,12
17123,5
17125,6
17127,4
17131,4
17133,6
17135,8
17137,10
17139,4
17141,11
17143,48
17145,6
17147,4
17157,9
17149,5
17159,5
17161,40
17163,60
17165,9
17167,53
17173,6
17177,13
17179,30
17181,5
17183,24
17185,4
17187,5
17189,4
17191,5
17193,5
17195,18
17197,152
17199,15
17201,77
17203,9
18001,7
18003,96
18005,15
18009,4
18011,10
18013,4
18017,11
18015,7
18019,26
18021,6
18027,7
18023,8
18029,10
18031,6
18033,9
18035,30
18037,7
18039,36
18041,7
18045,5
18043,20
18047,5
18049,6
18051,7
18053,16
18055,9
18057,39
18059,10
18061,6
18063,21
18065,13
18067,20
18069,9
18073,8
18071,10
18075,7
18077,7
18079,6
18081,22
18083,10
18085,19
18087,8
18089,117
18091,28
18093,10
18095,37
18097,224
18099,12
18103,10
18105,31
18107,9
18109,13
18111,4
18113,10
18117,6
18119,5
18121,4
18125,4
18123,5
18127,32
18129,7
18131,4
18133,7
18135,8
18137,6
18139,5
18141,75
18143,5
18145,10
18147,5
18149,7
18151,9
18153,5
18157,37
18159,4
18163,49
18165,5
18167,28
18169,8
18173,11
18175,6
18177,17
18179,7
18181,8
18183,7
19005,5
19007,5
19011,7
19013,38
19015,7
19017,8
19019,6
19021,6
19023,5
19025,4
19027,6
19029,5
19031,5
19033,11
19035,4
19041,4
19037,4
19043,6
19047,5
19045,12
19049,15
19055,4
19057,11
19059,5
19061,26
19063,4
19065,7
19073,4
19067,5
19075,4
19079,5
19081,4
19083,6
19085,5
19087,5
19091,4
19095,4
19099,9
19097,6
19101,4
19103,24
19105,5
19107,4
19109,6
19111,11
19113,45
19117,4
19123,7
19125,8
19127,10
19129,5
19133,4
19137,4
19139,10
19141,4
19147,4
19145,6
19149,6
19153,98
19155,30
19157,5
19161,4
19163,47
19165,4
19167,7
19169,20
19171,6
19175,4
19179,11
19183,5
19181,12
19187,12
19191,5
19193,26
19197,5
20001,5
20005,4
20009,8
20011,5
20015,13
20029,4
20021,6
20035,11
20037,11
20041,6
20045,22
20051,6
20055,12
20057,7
20059,5
20061,8
20079,6
20087,4
20091,130
20099,8
20103,16
20111,8
20113,7
20115,4
20117,4
20121,8
20125,13
20133,5
20149,4
20139,5
20155,17
20161,14
20169,12
20173,124
20175,5
20177,43
20191,6
20205,4
20209,70
21001,7
21003,6
21005,5
21009,10
21013,9
21015,22
21017,6
21019,13
21021,7
21025,7
21027,6
21029,18
21031,5
21035,9
21037,25
21043,7
21045,5
21047,19
21049,10
21051,6
21055,4
21059,23
21061,4
21065,4
21067,82
21069,4
21071,10
21073,11
21079,4
21081,4
21083,9
21085,7
21089,9
21087,4
21093,22
21095,11
21097,5
21099,5
21101,11
21103,5
21107,12
21111,191
21113,9
21115,6
21117,41
21119,5
21121,8
21123,4
21125,13
21127,5
21135,4
21133,7
21137,6
21141,6
21145,17
21147,4
21151,19
21153,4
21155,6
21157,6
21161,5
21163,8
21171,4
21167,5
21173,6
21175,5
21177,9
21179,9
21183,7
21185,14
21193,8
21195,19
21203,4
21199,14
21205,4
21207,5
21209,14
21211,9
21213,4
21215,4
21217,5
21219,4
21221,5
21225,4
21227,24
21233,4
21231,5
21235,8
21239,8
22003,5
22001,12
22005,14
22007,6
22009,9
22011,7
22013,5
22015,22
22017,64
22019,44
22027,5
22029,5
22031,7
22033,92
22037,5
22039,8
22041,6
22043,5
22045,15
22047,7
22049,5
22051,126
22053,7
22055,43
22057,23
22061,10
22063,17
22065,5
22067,8
22069,9
22071,177
22073,40
22075,9
22077,6
22079,33
22083,6
22085,7
22087,17
22089,13
22093,7
22095,11
22097,19
22099,11
22101,16
22103,43
22105,20
22111,6
22109,21
22113,12
22115,12
22117,11
22119,11
22121,5
22127,4
23001,28
23003,24
23005,66
23007,9
23009,17
23011,31
23013,10
23015,10
23017,17
23019,46
23021,8
23025,17
23027,8
23029,14
23031,41
24001,23
24003,104
24005,214
24009,18
24011,9
24013,38
24015,19
24017,31
24019,9
24021,61
24023,7
24025,57
24027,55
24029,5
24031,215
24033,218
24035,12
24039,7
24037,17
24041,10
24043,32
24045,19
24047,16
24510,200
25001,57
25003,39
25005,126
25007,4
25009,163
25011,18
25013,103
25015,36
25017,318
25019,5
25021,130
25023,100
25025,204
25027,172
26001,5
26005,24
26007,9
26009,7
26011,5
26015,11
26017,27
26019,5
26021,48
26023,12
26025,39
26027,11
26029,13
26031,8
26033,14
26035,11
26037,22
26039,5
26041,11
26043,7
26045,28
26047,8
26049,131
26051,9
26053,7
26055,16
26057,10
26059,12
26061,10
26063,12
26065,81
26067,13
26069,9
26071,5
26073,15
26075,38
26077,57
26079,5
26081,128
26085,4
26087,24
26089,6
26091,23
26093,61
26097,5
26101,9
26099,216
26103,24
26105,8
26107,11
26109,7
26113,4
26111,19
26115,39
26117,13
26119,5
26121,42
26123,11
26125,338
26127,7
26129,7
26131,4
26135,5
26133,6
26137,6
26139,53
26141,6
26143,10
26145,56
26147,49
26149,17
26151,12
26155,17
26157,13
26159,15
26161,100
26163,611
26165,8
27001,6
27003,83
27005,10
27007,10
27009,9
27013,16
27015,8
27017,7
27019,19
27021,10
27023,4
27025,10
27027,13
27033,4
27035,16
27037,95
27039,5
27041,9
27043,6
27045,6
27047,10
27049,10
27053,299
27055,5
27059,8
27057,7
27061,11
27063,4
27065,4
27071,4
27067,12
27079,6
27083,7
27085,7
27089,4
27091,6
27095,7
27093,6
27097,8
27099,11
27105,6
27103,7
27109,33
27111,17
27113,5
27115,8
27117,5
27121,4
27119,10
27123,137
27127,6
27129,6
27131,13
27135,5
27137,66
27139,21
27141,11
27143,4
27145,29
27147,8
27151,4
27153,8
27157,6
27161,5
27163,50
27169,10
27171,17
27173,4
28001,9
28007,6
28003,7
28011,8
28013,5
28017,4
28023,4
28025,5
28027,7
28029,6
28031,4
28033,33
28035,17
28039,5
28043,5
28045,7
28047,45
28049,64
28051,5
28057,5
28059,28
28061,4
28067,14
28071,10
28073,8
28075,19
28079,5
28081,19
28083,8
28085,6
28087,14
28089,21
28091,6
28093,6
28095,9
28099,7
28101,5
28105,8
28107,6
28109,9
28113,8
28115,6
28117,5
28121,27
28123,6
28127,5
28133,7
28135,4
28137,5
28139,4
28141,4
28149,12
28145,6
28151,19
28153,4
28159,5
29001,7
28163,6
29003,4
29007,7
29009,7
29013,4
29015,6
29019,29
29021,25
29023,10
29027,8
29029,11
29031,16
29037,20
29043,14
29049,4
29047,44
29051,15
29053,5
29065,4
29055,6
29069,10
29071,17
29073,5
29077,62
29079,4
29083,6
29091,8
29093,4
29095,199
29097,22
29099,42
29101,9
29105,6
29107,7
29109,7
29111,4
29113,7
29115,5
29117,5
29119,4
29121,5
29127,8
29131,5
29133,4
29135,4
29139,4
29141,5
29143,6
29145,12
29147,5
29151,4
29155,6
29157,5
29159,11
29161,10
29163,5
29165,20
29167,4
29169,9
29175,6
29177,4
29181,4
29183,79
29186,4
29187,11
29189,199
29195,8
29201,10
29207,8
29209,6
29213,10
29215,4
29217,6
29221,5
29219,5
29223,4
29225,8
29229,4
29510,106
30003,5
30005,4
30009,5
30013,22
30017,6
30029,19
30031,22
30035,4
30041,6
30047,8
30049,14
30053,5
30063,20
30067,6
30081,10
30087,4
30083,4
30093,8
30111,32
31001,9
31019,11
31025,6
31041,4
31043,4
31053,9
31047,7
31055,156
31067,7
31079,14
31089,4
31109,74
31111,8
31119,9
31131,5
31151,4
31141,7
31155,5
31153,43
31157,11
31159,4
31185,4
31177,5
32001,7
32003,487
32005,17
32007,14
32013,4
32019,10
32023,10
32031,112
32510,14
33001,15
33003,11
33005,16
33007,11
33009,19
33011,86
33013,36
33015,65
33017,25
33019,10
34001,69
34003,179
34005,114
34007,127
34009,33
34011,35
34013,210
34015,63
34017,166
01001,12
01003,31
01005,9
01007,4
01009,9
01013,9
01015,31
01017,9
01019,6
01021,9
01023,4
01025,9
01027,4
01029,4
01031,14
01033,14
01035,5
01039,14
01041,6
01043,18
01045,14
01047,15
01049,14
01051,15
01053,9
01055,30
01057,5
01059,9
01061,6
01065,6
01067,6
01069,22
01071,11
01073,163
01077,22
01079,9
01081,27
01083,16
01085,4
01087,12
01089,73
01091,6
01093,8
01095,18
01097,115
01099,7
01101,65
01103,27
01107,5
01109,8
01113,13
01111,6
01115,13
01117,48
01119,4
01121,22
01123,10
01125,47
01127,18
01129,5
01131,4
01133,7
02020,55
02090,19
02110,6
02122,13
02130,4
02150,5
02170,24
02290,4
02198,4
04001,16
04003,32
04005,28
04007,16
04009,9
04012,9
04013,916
04015,43
04017,31
04021,75
04023,10
04025,42
04027,55
05001,8
05005,9
05003,7
05007,49
05009,7
05011,5
05015,5
05017,4
05019,5
05021,6
05023,7
05027,5
05029,6
05031,17
05033,11
05037,6
05035,20
05041,5
05043,5
05045,25
05053,4
05051,20
05055,9
05057,5
05059,7
05063,8
05065,4
05067,5
05069,24
05075,6
05071,6
05077,4
05079,4
05083,6
05081,4
05085,16
05087,4
05089,4
05091,12
05093,12
05103,6
05107,6
05111,7
05113,6
05115,11
05121,4
05119,95
05123,6
05125,21
05131,26
05135,4
05133,4
05139,10
05141,5
05143,32
05145,13
05149,6
06001,361
06005,9
06007,51
06009,10
06011,5
06013,207
06015,7
06017,43
06019,199
06021,6
06023,30
06025,31
06027,6
06029,151
06031,27
06033,15
06035,9
06039,23
06041,55
06043,6
06045,20
06047,49
06049,4
06053,93
06055,40
06057,20
06059,582
06061,85
06063,7
06065,453
06067,317
06069,11
06071,369
06073,627
06075,196
06077,139
06079,53
06081,158
06083,90
06085,372
06087,52
06089,48
06093,14
06095,96
06097,99
06099,94
06101,21
06103,11
06105,5
06107,78
06109,11
06111,174
06113,41
06115,14
08001,97
08003,4
08005,147
08007,4
08013,68
08014,18
08015,5
08029,7
08031,144
08035,61
08039,7
08037,14
08041,130
08043,14
08045,11
08051,4
08059,138
08067,10
08069,73
08071,6
08075,6
08077,29
08081,4
08083,7
08085,10
08087,8
08089,7
08093,5
08097,4
08099,5
08101,55
08107,8
08113,4
08119,6
08117,5
08123,77
09001,210
09003,224
09005,51
09007,36
09009,189
09011,66
09015,25
09013,29
10001,33
10003,131
10005,53
11001,179
12001,56
12003,4
12005,43
12007,4
12009,113
12011,361
12015,38
12017,28
12019,30
12021,74
12023,12
12027,9
12031,173
12033,71
12035,20
12037,4
12041,5
12039,9
12049,6
12051,7
12053,45
12055,27
